1,Freeman,Norman,573 Bond Street,Providence,RI,02903
2,John,Avalos,1650 Tea Berry Lane,Eau Claire,WI,54701
3,Linda,Broome,633 Felosa Drive,Los Angeles,CA,90036
4,Nicholas,Johnson,4146 Passaic Street,Little Ferry,NJ,07643
5,Vernon,Vaughn,3746 Fittro Street,Mount Pleasant,AR,72561
6,Bobby,Vigil,812 Kincheloe Road,Portland,OR,97218
7,Carol,Washington,334 Ripple Street,Rogers City,MI,49779
8,Sam,Johnson,3406 Maple Court,Kennett,MO,63857
9,Roger,Parker,2235 Rainbow Road,Goodyear,AZ,85338
10,Douglas,Doherty,2284 Cinnamon Lane,San Antonio,TX,78212
11,Charles,Estes,3239 Reynolds Alley,La Habra,CA,90631
12,Misty,Baez,2439 Augusta Park,Terra Alta,WV,26764
13,Kay,Gray,2640 Buck Drive,Brattleboro,VT,05301
14,Diane,Hoffman,4026 Beechwood Avenue,Belvidere,NJ,07823
15,Edith,Wiley,95 Oak Lane,Warrensburg,MO,64093
16,Helen,McCoy,3365 Dogwood Lane,Tucson,AZ,85742
17,Troy,Zarate,1610 Randall Drive,Kahului,HI,96732
18,Ray,Wright,1775 Lords Way,Memphis,TN,38110
19,Effie,Feliciano,4018 Hill Street,Toledo,OH,43615
20,Ronald,Hamilton,4653 Modoc Alley,Pocatello,ID,83201
21,George,Watts,2855 Frederick Street,Citrus Heights,CA,95610
22,Matt,Hoover,2424 Raver Croft Drive,Morristown,TN,37814
23,Rita,Smith,2511 Tail Ends Road,Appleton,WI,54911
24,William,Wingert,4896 Ella Street,San Francisco,CA,94107
25,Walter,Brennan,3507 Jett Lane,Gardena,CA,90248
26,Lonny,Bowman,2562 Nutters Barn Lane,Des Moines,IA,50313
27,Alan,Dunn,298 Richards Avenue,Fresno,CA,93710
28,Helen,McCoy,3365 Dogwood Lane,Tucson,AZ,85742
29,Jaime,Barrow,1945 Hill Street,Toledo,OH,43615
30,Charles,Estes,3239 Reynolds Alley,La Habra,CA,90631
31,Donna,Martinez,2891 Scenicview Drive,Midlands,TX,79756
32,Kyle,Morris,3089 Better Street,Kansas City,KS,66215
33,Barbara,Taylor,107 Ryan Road,Viborg,SD,57070
34,Robert,Wright,687 Frosty Lane,Binghamton,NY,13901
35,Frances,Carlos,4244 Lilac Lane,Statesboro,GA,30458
36,Gordon,Ayers,1650 Lawman Avenue,Centerville,VA,22020
36,Gordon,Ayers,1650 Lawman Avenue,Centerville,VA,22020
37,George,Watts,2855 Frederick Street,Citrus Heights,CA,95610
38,Charles,Green,3511 Spadafore Drive,Altoona,PA,16602
39,Beatrice,Britt,92 Farland Street,Walpole,MA,02081
40,Alisha,Magallanes,1128 Jim Rosa Lane,Concord,CA,94520
41,Edith,Sims,2218 Masonic Hill Road,Little Rock,AR,72212
42,Kenneth,Wilson,530 Romines Mill Road,Royce Cityt,TX,75089
43,Joseph,Elliott,2115 Logan Lane,Denver,CO,80202
44,Kenneth,Watson,789 Margaret Street,Sugar Land,TX,77478
45,William,Wingert,4896 Ella Street,San Francisco,CA,94107
46,Jamie,Mock,4368 Benedum Drive,Cold Spring,NY,10516
47,Cynthia,Greene,4425 Lee Avenue,Cinnaminson,NJ,08077
48,Kevin,Brooks,4309 Collins Street,State College,PA,16803
49,Joe,Taylor,3648 Reppert Coal Road,Ridgeland,MS,39157
50,Todd,Wagner,4530 Elmwood Avenue,Mesa,AZ,85201
51,Monica,Baird,2320 Hart Street,West Hartford,CT,06105
52,Bobby,Vigil,812 Kincheloe Road,Portland,OR,97218
53,Jennifer,Ocasio,2211 Lucky Duck Drive,Pittsburgh,PA,15206
54,David,Nelson,3440 Melm Street,Providence,RI,02903
55,Ronald,Keim,1517 Snyder Avenue,Charlotte,NC,28273
