1,Freeman,Norman,573 Bond Street,Providence,RI,2903
2,John,Avalos,1650 Tea Berry Lane,Eau Claire,WI,54701
3,Linda,Broome,633 Felosa Drive,Los Angeles,CA,90036
4,Nicholas,Johnson,4146 Passaic Street,Little Ferry,NJ,7643
5,Vernon,Vaughn,3746 Fittro Street,Mount Pleasant,AR,72561
6,Carol,Washington,334 Ripple Street,Rogers City,MI,49779
7,Sam,Johnson,3406 Maple Court,Kennett,MO,63857
8,Roger,Parker,2235 Rainbow Road,Goodyear,AZ,85338
9,Douglas,Doherty,2284 Cinnamon Lane,San Antonio,TX,78212
10,Misty,Baez,2439 Augusta Park,Terra Alta,WV,26764
11,Kay,Gray,2640 Buck Drive,Brattleboro,VT,5301
12,Diane,Hoffman,4026 Beechwood Avenue,Belvidere,NJ,7823
13,Edith,Wiley,95 Oak Lane,Warrensburg,MO,64093
14,Troy,Zarate,1610 Randall Drive,Kahului,HI,96732
15,Ray,Wright,1775 Lords Way,Memphis,TN,38110
16,Effie,Feliciano,4018 Hill Street,Toledo,OH,43615
17,Ronald,Hamilton,4653 Modoc Alley,Pocatello,ID,83201
18,Matt,Hoover,2424 Raver Croft Drive,Morristown,TN,37814
19,Rita,Smith,2511 Tail Ends Road,Appleton,WI,54911
20,Walter,Brennan,3507 Jett Lane,Gardena,CA,90248
21,Lonny,Bowman,2562 Nutters Barn Lane,Des Moines,IA,50313
22,Alan,Dunn,298 Richards Avenue,Fresno,CA,93710
23,Helen,McCoy,3365 Dogwood Lane,Tucson,AZ,85742
24,Jaime,Barrow,1945 Hill Street,Toledo,OH,43615
25,Charles,Estes,3239 Reynolds Alley,La Habra,CA,90631
26,Donna,Martinez,2891 Scenicview Drive,Midlands,TX,79756
27,Kyle,Morris,3089 Better Street,Kansas City,KS,66215
28,Barbara,Taylor,107 Ryan Road,Viborg,SD,57070
29,Robert,Wright,687 Frosty Lane,Binghamton,NY,13901
30,Frances,Carlos,4244 Lilac Lane,Statesboro,GA,30458
31,Gordon,Ayers,1650 Lawman Avenue,Centerville,VA,22020
32,George,Watts,2855 Frederick Street,Citrus Heights,CA,95610
33,Charles,Green,3511 Spadafore Drive,Altoona,PA,16602
34,Beatrice,Britt,92 Farland Street,Walpole,MA,2081
35,Alisha,Magallanes,1128 Jim Rosa Lane,Concord,CA,94520
36,Edith,Sims,2218 Masonic Hill Road,Little Rock,AR,72212
37,Kenneth,Wilson,530 Romines Mill Road,Royce Cityt,TX,75089
38,Joseph,Elliott,2115 Logan Lane,Denver,CO,80202
39,Kenneth,Watson,789 Margaret Street,Sugar Land,TX,77478
40,William,Wingert,4896 Ella Street,San Francisco,CA,94107
41,Jamie,Mock,4368 Benedum Drive,Cold Spring,NY,10516
42,Cynthia,Greene,4425 Lee Avenue,Cinnaminson,NJ,8077
43,Kevin,Brooks,4309 Collins Street,State College,PA,16803
44,Joe,Taylor,3648 Reppert Coal Road,Ridgeland,MS,39157
45,Todd,Wagner,4530 Elmwood Avenue,Mesa,AZ,85201
46,Monica,Baird,2320 Hart Street,West Hartford,CT,6105
47,Bobby,Vigil,812 Kincheloe Road,Portland,OR,97218
48,Jennifer,Ocasio,2211 Lucky Duck Drive,Pittsburgh,PA,15206
49,David,Nelson,3440 Melm Street,Providence,RI,2903
50,Ronald,Keim,1517 Snyder Avenue,Charlotte,NC,28273
