1,Alan,Dunn,298 Richards Avenue,Fresno,CA,93710
2,Alisha,Magallanes,1128 Jim Rosa Lane,Concord,CA,94520
3,Barbara,Taylor,107 Ryan Road,Viborg,SD,57070
4,Beatrice,Britt,92 Farland Street,Walpole,MA,2081
5,Bobby,Vigil,812 Kincheloe Road,Portland,OR,97218
6,Carol,Washington,334 Ripple Street,Rogers City,MI,49779
7,Charles,Estes,3239 Reynolds Alley,La Habra,CA,90631
8,Charles,Green,3511 Spadafore Drive,Altoona,PA,16602
9,Cynthia,Greene,4425 Lee Avenue,Cinnaminson,NJ,8077
10,David,Nelson,3440 Melm Street,Providence,RI,2903
11,Diane,Hoffman,4026 Beechwood Avenue,Belvidere,NJ,7823
12,Donna,Martinez,2891 Scenicview Drive,Midlands,TX,79756
13,Douglas,Doherty,2284 Cinnamon Lane,San Antonio,TX,78212
14,Edith,Sims,2218 Masonic Hill Road,Little Rock,AR,72212
15,Edith,Wiley,95 Oak Lane,Warrensburg,MO,64093
16,Effie,Feliciano,4018 Hill Street,Toledo,OH,43615
17,Frances,Carlos,4244 Lilac Lane,Statesboro,GA,30458
18,Freeman,Norman,573 Bond Street,Providence,RI,2903
19,George,Watts,2855 Frederick Street,Citrus Heights,CA,95610
20,Gordon,Ayers,1650 Lawman Avenue,Centerville,VA,22020
21,Helen,McCoy,3365 Dogwood Lane,Tucson,AZ,85742
22,Jaime,Barrow,1945 Hill Street,Toledo,OH,43615
23,Jamie,Mock,4368 Benedum Drive,Cold Spring,NY,10516
24,Jennifer,Ocasio,2211 Lucky Duck Drive,Pittsburgh,PA,15206
25,Joe,Taylor,3648 Reppert Coal Road,Ridgeland,MS,39157
26,John,Avalos,1650 Tea Berry Lane,Eau Claire,WI,54701
27,Joseph,Elliott,2115 Logan Lane,Denver,CO,80202
28,Kay,Gray,2640 Buck Drive,Brattleboro,VT,5301
29,Kenneth,Watson,789 Margaret Street,Sugar Land,TX,77478
30,Kenneth,Wilson,530 Romines Mill Road,Royce Cityt,TX,75089
31,Kevin,Brooks,4309 Collins Street,State College,PA,16803
32,Kyle,Morris,3089 Better Street,Kansas City,KS,66215
33,Linda,Broome,633 Felosa Drive,Los Angeles,CA,90036
34,Lonny,Bowman,2562 Nutters Barn Lane,Des Moines,IA,50313
35,Matt,Hoover,2424 Raver Croft Drive,Morristown,TN,37814
36,Misty,Baez,2439 Augusta Park,Terra Alta,WV,26764
37,Monica,Baird,2320 Hart Street,West Hartford,CT,6105
38,Nicholas,Johnson,4146 Passaic Street,Little Ferry,NJ,7643
39,Ray,Wright,1775 Lords Way,Memphis,TN,38110
40,Rita,Smith,2511 Tail Ends Road,Appleton,WI,54911
41,Robert,Wright,687 Frosty Lane,Binghamton,NY,13901
42,Roger,Parker,2235 Rainbow Road,Goodyear,AZ,85338
43,Ronald,Hamilton,4653 Modoc Alley,Pocatello,ID,83201
44,Ronald,Keim,1517 Snyder Avenue,Charlotte,NC,28273
45,Sam,Johnson,3406 Maple Court,Kennett,MO,63857
46,Todd,Wagner,4530 Elmwood Avenue,Mesa,AZ,85201
47,Troy,Zarate,1610 Randall Drive,Kahului,HI,96732
48,Vernon,Vaughn,3746 Fittro Street,Mount Pleasant,AR,72561
49,Walter,Brennan,3507 Jett Lane,Gardena,CA,90248
50,William,Wingert,4896 Ella Street,San Francisco,CA,94107
